Crop ,Indicator,Indicator Name,Region Name,province_id,Region - RegionId,Scale,Units,2011,2012,2013,2014,2015,2016,2017
Maize,Area Planted,Maize Area Planted,Zambia,,ZM,units,Ha,1355764.111,1274983.476,1283683.088,1375786.736,1452988.049,1332525.266,1604497.044
Maize,Area Planted,Maize Area Planted,Central Province,29,ZM-02,units,Ha,211184.6965,184048.1466,206011.8342,235685.3803,255165.363,234200.909,281871.5796
Maize,Area Planted,Maize Area Planted,Copperbelt Province,30,ZM-08,units,Ha,102652.8075,95215.22908,75496.20507,80885.30887,82847.66389,78654.14194,84596.21511
Maize,Area Planted,Maize Area Planted,Eastern Province,31,ZM-03,units,Ha,310043.4902,277625.2635,295247.9315,330844.5226,321861.0628,285163.66,388436.211
Maize,Area Planted,Maize Area Planted,Luapula Province,32,ZM-04,units,Ha,44282.98818,46827.27317,36819.54655,45506.16864,53487.70936,51125.81025,47064.64118
Maize,Area Planted,Maize Area Planted,Lusaka Province,33,ZM-09,units,Ha,49880.82151,36935.88657,40873.10922,41884.61792,42421.08934,40739.77269,50715.57833
Maize,Area Planted,Maize Area Planted,Muchinga Province,34,ZM-10,units,Ha,,70143.58982,70750.31944,78727.7843,76841.37243,79538.93866,97963.57405
Maize,Area Planted,Maize Area Planted,Northern Province,35,ZM-05,units,Ha,151943.7037,98575.9381,80143.86,101254.744,104363.2541,100744.4466,108906.9836
Maize,Area Planted,Maize Area Planted,North-Western Province,36,ZM-06,units,Ha,73003.50786,64304.91617,59160.35271,68056.35579,73709.03712,73235.39491,77646.07845
Maize,Area Planted,Maize Area Planted,Southern Province,37,ZM-07,units,Ha,315655.3115,309556.5719,323673.0417,304532.8888,338911.1472,297032.6654,362807.5608
Maize,Area Planted,Maize Area Planted,Western Province,38,ZM-01,units,Ha,97116.78379,91750.66143,95506.88762,88408.96481,103380.35,92089.52631,104488.6218
Maize,Area Planted,Maize Expected Production,Zambia,,ZM,units,Mt,3020379.894,2852687.223,2386785.875,3103483.229,2437442.23,2709939.572,3395590.611
Maize,Expected Production,Maize Expected Production,Central Province,29,ZM-02,units,Mt,558492.8129,494214.6895,425796.795,606036.3384,404252.5156,579092.7912,594009.7896
Maize,Expected Production,Maize Expected Production,Copperbelt Province,30,ZM-08,units,Mt,250189.8433,248623.6255,174472.9942,196803.3523,159344.0441,201568.7263,205130.7486
Maize,Expected Production,Maize Expected Production,Eastern Province,31,ZM-03,units,Mt,584414.7852,577525.1187,565097.071,736936.4925,544670.4283,494076.035,872632.1314
Maize,Expected Production,Maize Expected Production,Luapula Province,32,ZM-04,units,Mt,124885.1092,128775.8166,93092.47572,130251.5714,139202.36,147045.8962,122815.5312
Maize,Expected Production,Maize Expected Production,Lusaka Province,33,ZM-09,units,Mt,109523.1108,96823.08005,81802.6333,108697.0158,78342.56275,96772.98749,110151.7339
Maize,Expected Production,Maize Expected Production,Muchinga Province,34,ZM-10,units,Mt,,226989.1027,203890.321,244293.6187,242315.1523,241473.0886,322654.9516
Maize,Expected Production,Maize Expected Production,Northern Province,35,ZM-05,units,Mt,506989.1472,271379.8605,209515.8758,280219.675,272459.6742,261986.4185,303372.9335
Maize,Expected Production,Maize Expected Production,North-Western Province,36,ZM-06,units,Mt,150819.7988,156076.8743,132385.6201,160609.8336,189431.2155,179131.0125,152140.9019
Maize,Expected Production,Maize Expected Production,Southern Province,37,ZM-07,units,Mt,639540.9047,573175.972,422462.1426,564036.8167,357898.4516,422973.5593,629417.6616
Maize,Expected Production,Maize Expected Production,Western Province,38,ZM-01,units,Mt,95524.38169,79103.08298,78269.94608,75598.51494,49525.82578,85819.05731,83264.22788
Maize,Expected Production,Maize Yield Rate,Zambia,,ZM,units,MT/HA,2.227806349,,1.859326416,2.255788014,1.6775377,2.033687197,2.11629596
Maize,Yield Rate,Maize Yield Rate,Central Province,29,ZM-02,units,MT/HA,2.644570474,2.685246761,2.066855997,2.57137858,1.584276607,2.472632552,2.107377375
Maize,Yield Rate,Maize Yield Rate,Copperbelt Province,30,ZM-08,units,MT/HA,2.437243066,2.611174996,2.311016747,2.433116162,1.923337806,2.562722335,2.424821824
Maize,Yield Rate,Maize Yield Rate,Eastern Province,31,ZM-03,units,MT/HA,1.884944544,2.080232582,1.9139747,2.227440511,1.692253246,1.732605182,2.246526216
Maize,Yield Rate,Maize Yield Rate,Luapula Province,32,ZM-04,units,MT/HA,2.820159938,2.750017414,2.528343895,2.862283847,2.60251115,2.876157766,2.609507438
Maize,Yield Rate,Maize Yield Rate,Lusaka Province,33,ZM-09,units,MT/HA,2.19569581,2.621382321,2.001380244,2.595153573,1.84678338,2.375393408,2.171950661
Maize,Yield Rate,Maize Yield Rate,Muchinga Province,34,ZM-10,units,MT/HA,,3.236063385,2.881828981,3.103016563,3.15344644,3.035910369,3.293621683
Maize,Yield Rate,Maize Yield Rate,Northern Province,35,ZM-05,units,MT/HA,3.336690728,2.753003072,2.614247377,2.767472061,2.610685884,2.600504816,2.785615059
Maize,Yield Rate,Maize Yield Rate,North-Western Province,36,ZM-06,units,MT/HA,2.065925368,2.427137513,2.237742238,2.359953478,2.569986299,2.445962267,1.959415143
Maize,Yield Rate,Maize Yield Rate,Southern Province,37,ZM-07,units,MT/HA,2.026073636,1.851603306,1.305212632,1.852137609,1.056024432,1.423996781,1.734852659
Maize,Yield Rate,Maize Yield Rate,Western Province,38,ZM-01,units,MT/HA,0.983603225,0.862152727,0.819521482,0.855100103,0.479064211,0.931908988,0.796873635
Maize,Yield Rate,Maize Expected Sales,Zambia,,ZM,units,Mt,1619622.284,,1214198.253,1690046.061,1312867.304,1332222.247,1799779.724
Maize,Expected Sales,Maize Expected Sales,Central Province,29,ZM-02,units,Mt,367077.9594,312423.4873,246034.5209,392131.3022,206646.8086,328295.2401,344225.08
Maize,Expected Sales,Maize Expected Sales,Copperbelt Province,30,ZM-08,units,Mt,126633.7179,163292.8393,106388.5823,116352.358,90135.54741,100869.385,110782.5362
Maize,Expected Sales,Maize Expected Sales,Eastern Province,31,ZM-03,units,Mt,236305.9432,218260.6629,231452.4547,338736.2541,257900.173,161800.9855,432337.8561
Maize,Expected Sales,Maize Expected Sales,Luapula Province,32,ZM-04,units,Mt,79692.89629,84003.89315,61448.09269,86215.08088,91779.96855,95624.01957,79146.23917
Maize,Expected Sales,Maize Expected Sales,Lusaka Province,33,ZM-09,units,Mt,55589.14669,53461.65539,42773.61101,61935.98488,31817.92804,44644.79419,53545.2957
Maize,Expected Sales,Maize Expected Sales,Muchinga Province,34,ZM-10,units,Mt,,143475.3501,117819.4847,145872.4865,156295.0569,148275.2496,202537.5496
Maize,Expected Sales,Maize Expected Sales,Northern Province,35,ZM-05,units,Mt,348254.9832,195014.4646,124030.7694,194712.4632,225981.0696,160695.0916,195751.7749
Maize,Expected Sales,Maize Expected Sales,North-Western Province,36,ZM-06,units,Mt,82144.92826,97475.15614,77506.00485,93617.81941,115059.0164,107735.2254,83024.73393
Maize,Expected Sales,Maize Expected Sales,Southern Province,37,ZM-07,units,Mt,297525.3566,271766.0622,177999.7716,235312.076,122000.672,154878.0192,275324.022
Maize,Expected Sales,Maize Expected Sales,Western Province,38,ZM-01,units,Mt,26397.35247,28082.27423,28744.96034,25160.23563,15251.06343,29404.2366,23104.63647
Maize,Expected Sales,Sorghum Area Planted,Zambia,,ZM,units,Ha,26853.51892,,22735.68906,16828.90212,23875.93493,32992.03812,33502.22524
Sorghum,Area Planted,Sorghum Area Planted,Central Province,29,ZM-02,units,Ha,1721.093572,828.92,615.1266658,648.5113397,472.8015001,1287.633052,2918.450535
Sorghum,Area Planted,Sorghum Area Planted,Copperbelt Province,30,ZM-08,units,Ha,1561.973986,948.9,638.5765875,612.2297968,546.835325,360.4344501,835.5979506
Sorghum,Area Planted,Sorghum Area Planted,Eastern Province,31,ZM-03,units,Ha,1889.960834,12.14,65.54354587,199.0674989,209.48119,102.5483515,5.285132744
Sorghum,Area Planted,Sorghum Area Planted,Luapula Province,32,ZM-04,units,Ha,1188.758768,356.77,187.6393968,188.676668,202.0883081,241.7768078,216.175544
Sorghum,Area Planted,Sorghum Area Planted,Lusaka Province,33,ZM-09,units,Ha,717.3536442,702.64,1202.930605,391.0837808,596.6341874,354.8913737,388.1851262
Sorghum,Area Planted,Sorghum Area Planted,Muchinga Province,34,ZM-10,units,Ha,,2681.03,2909.053827,2294.226819,1772.425999,1828.173941,3192.812487
Sorghum,Area Planted,Sorghum Area Planted,Northern Province,35,ZM-05,units,Ha,1220.796557,232.26,74.42913006,506.2715044,510.7758686,636.2136917,298.3719304
Sorghum,Area Planted,Sorghum Area Planted,North-Western Province,36,ZM-06,units,Ha,1667.588638,1761.21,1457.53718,1324.697861,1021.790859,1810.766769,2021.412333
Sorghum,Area Planted,Sorghum Area Planted,Southern Province,37,ZM-07,units,Ha,14226.112,7067.63,13147.2329,8902.832841,13824.01814,18677.62266,17925.85018
Sorghum,Area Planted,Sorghum Area Planted,Western Province,38,ZM-01,units,Ha,2659.880919,4093.65,2437.619214,1761.304015,4719.083544,7691.977023,5700.084025
Sorghum,Area Planted,Sorghum Expected Production,Zambia,,ZM,units,Mt,1322.357951,15379.28385,14123.86771,11380.71247,7686.173252,13844.49788,16855.99192
Sorghum,Expected Production,Sorghum Expected Production,Central Province,29,ZM-02,units,Mt,1322.357951,1110.415564,622.2295485,436.7899306,374.4536596,781.4224849,1477.032187
Sorghum,Expected Production,Sorghum Expected Production,Copperbelt Province,30,ZM-08,units,Mt,1397.525263,678.7455123,519.8708774,587.4519835,173.323241,311.0522702,559.013444
Sorghum,Expected Production,Sorghum Expected Production,Eastern Province,31,ZM-03,units,Mt,2392.192542,6.703658987,18.04625921,200.240892,181.1498016,25.32413412,5.073727434
Sorghum,Expected Production,Sorghum Expected Production,Luapula Province,32,ZM-04,units,Mt,1061.7187,345.1180759,232.1143355,104.7496527,262.4759504,191.414752,146.6743256
Sorghum,Expected Production,Sorghum Expected Production,Lusaka Province,33,ZM-09,units,Mt,149.359821,538.8238929,880.8459675,246.5960016,477.4171381,444.173838,478.5566094
Sorghum,Expected Production,Sorghum Expected Production,Muchinga Province,34,ZM-10,units,Mt,,2705.235571,3441.774296,3118.548884,1724.071536,1541.528257,2964.119531
Sorghum,Expected Production,Sorghum Expected Production,Northern Province,35,ZM-05,units,Mt,879.72,185.1339487,42.12215149,283.5483474,265.0952895,248.7392709,241.4603325
Sorghum,Expected Production,Sorghum Expected Production,North-Western Province,36,ZM-06,units,Mt,1281.59,1402.506568,1427.981506,1037.93238,781.4080349,1215.526914,1270.057515
Sorghum,Expected Production,Sorghum Expected Production,Southern Province,37,ZM-07,units,Mt,8506.47,6818.134472,6064.811456,4610.164625,2766.341749,6631.658995,7511.974733
Sorghum,Expected Production,Sorghum Expected Production,Western Province,38,ZM-01,units,Mt,1466.57,1588.466582,874.0713171,754.689769,680.4368514,2453.656961,2202.029511
Sorghum,Expected Production,Sorghum Yield Rate,Zambia,,ZM,units,MT/HA,0.687340144,0.823075445,0.62122013,0.676259947,0.321921352,0.419631483,0.503130517
Sorghum,Yield Rate,Sorghum Yield Rate,Central Province,29,ZM-02,units,MT/HA,0.768324264,1.339599276,1.011547025,0.673527052,0.791989153,0.606867371,0.506101498
Sorghum,Yield Rate,Sorghum Yield Rate,Copperbelt Province,30,ZM-08,units,MT/HA,0.894717374,0.715294446,0.814108891,0.959528573,0.316956921,0.862992619,0.668998103
Sorghum,Yield Rate,Sorghum Yield Rate,Eastern Province,31,ZM-03,units,MT/HA,1.26573657,0.552,0.275332361,1.005894449,0.8647545,0.246948232,0.96
Sorghum,Yield Rate,Sorghum Yield Rate,Luapula Province,32,ZM-04,units,MT/HA,0.893132172,0.967349056,1.237023459,0.555180743,1.298818091,0.79170022,0.678496387
Sorghum,Yield Rate,Sorghum Yield Rate,Lusaka Province,33,ZM-09,units,MT/HA,0.208209469,0.76685117,0.732250027,0.630545202,0.800184013,1.251576879,1.232805116
Sorghum,Yield Rate,Sorghum Yield Rate,Muchinga Province,34,ZM-10,units,MT/HA,,1.009030002,1.183124995,1.359302776,0.972718487,0.843206559,0.928372569
Sorghum,Yield Rate,Sorghum Yield Rate,Northern Province,35,ZM-05,units,MT/HA,0.720611774,0.797107064,0.565936367,0.56007171,0.519005117,0.39096812,0.809259545
Sorghum,Yield Rate,Sorghum Yield Rate,North-Western Province,36,ZM-06,units,MT/HA,0.76853132,0.796331868,0.979722181,0.783523859,0.764743615,0.671277458,0.628302051
Sorghum,Yield Rate,Sorghum Yield Rate,Southern Province,37,ZM-07,units,MT/HA,0.597947396,0.964698594,0.461299461,0.517831201,0.200111264,0.355059052,0.419058212
Sorghum,Yield Rate,Sorghum Yield Rate,Western Province,38,ZM-01,units,MT/HA,0.551365356,0.388032286,0.358575824,0.428483534,0.144188346,0.318989117,0.386315272
Sorghum,Yield Rate,Sorghum Expected Sales,Zambia,,ZM,units,Mt,2784.271989,4144.73509,3468.368485,2220.616691,1079.314885,2399.721334,3109.422173
Sorghum,Expected Sales,Sorghum Expected Sales,Central Province,29,ZM-02,units,Mt,378.0890983,606.8198357,336.7361662,127.9956962,90.8341154,267.5816609,372.9012089
Sorghum,Expected Sales,Sorghum Expected Sales,Copperbelt Province,30,ZM-08,units,Mt,45.87324997,159.8147887,93.05813866,87.32173619,54.09112862,44.10505546,237.9113272
Sorghum,Expected Sales,Sorghum Expected Sales,Eastern Province,31,ZM-03,units,Mt,81.82669484,4.469105991,9.023129606,10.37125862,24.44127435,7.262666431,0
Sorghum,Expected Sales,Sorghum Expected Sales,Luapula Province,32,ZM-04,units,Mt,184.2310166,28.55798498,81.00955261,20.93915074,52.88442578,18.60300027,40.19494394
Sorghum,Expected Sales,Sorghum Expected Sales,Lusaka Province,33,ZM-09,units,Mt,20.9696755,128.3344295,255.5491638,147.8342987,179.1887669,263.0979355,355.0231152
Sorghum,Expected Sales,Sorghum Expected Sales,Muchinga Province,34,ZM-10,units,Mt,,277.5854826,254.9179706,385.6253669,138.555711,75.94957549,212.8734762
Sorghum,Expected Sales,Sorghum Expected Sales,Northern Province,35,ZM-05,units,Mt,283.3152081,38.0471663,12.09907855,110.4896901,99.53724757,98.28579472,25.7114727
Sorghum,Expected Sales,Sorghum Expected Sales,North-Western Province,36,ZM-06,units,Mt,308.6557967,347.5751663,422.9902641,203.9018429,183.1025006,188.6049736,199.5338749
Sorghum,Expected Sales,Sorghum Expected Sales,Southern Province,37,ZM-07,units,Mt,1148.484296,2478.320686,1963.682374,1048.357593,165.4481671,1138.435163,1437.984203
Sorghum,Expected Sales,Sorghum Expected Sales,Western Province,38,ZM-01,units,Mt,332.8269531,75.21044371,39.30264689,77.78005774,91.23154745,297.7955089,227.2885516
Sorghum,Expected Sales,Rice Area Planted,Zambia,,ZM,units,Ha,33995.16223,31388.14204,38520.13468,40974.45463,42983.97407,25594.56983,33303.39338
Rice,Area Planted,Rice Area Planted,Central Province,29,ZM-02,units,Ha,305.2310613,4.353890969,2.611445614,30.12164057,16.4339243,18.39509671,96.69731642
Rice,Area Planted,Rice Area Planted,Copperbelt Province,30,ZM-08,units,Ha,18.15183045,40.59423567,27.36520735,2.696804958,35.82538543,27.24992002,86.9056106
Rice,Area Planted,Rice Area Planted,Eastern Province,31,ZM-03,units,Ha,2650.086428,2096.045276,1283.333676,823.2828425,1051.084624,1541.17428,1529.427165
Rice,Area Planted,Rice Area Planted,Luapula Province,32,ZM-04,units,Ha,1191.791115,1681.624073,1814.388042,1329.934853,1826.627512,2046.027208,2356.970494
Rice,Area Planted,Rice Area Planted,Lusaka Province,33,ZM-09,units,Ha,124.8063165,58.9638864,20.85603811,31.66686942,14.34579849,5.277687864,2.387033967
Rice,Area Planted,Rice Area Planted,Muchinga Province,34,ZM-10,units,Ha,,5005.0924,6203.594463,4325.162757,3760.024318,3063.198768,5525.130229
Rice,Area Planted,Rice Area Planted,Northern Province,35,ZM-05,units,Ha,14995.20421,7839.820434,13544.42854,15185.3043,10501.77116,9717.832736,11433.28377
Rice,Area Planted,Rice Area Planted,North-Western Province,36,ZM-06,units,Ha,648.6087944,319.1349503,238.3681269,275.3880981,242.7153301,294.3966257,355.4445456
Rice,Area Planted,Rice Area Planted,Southern Province,37,ZM-07,units,Ha,,74.00426043,43.30408165,65.46373591,,4.452542752,
Rice,Area Planted,Rice Area Planted,Western Province,38,ZM-01,units,Ha,14061.28248,14268.50864,15341.88506,18905.43273,25535.14601,8876.564965,11917.14722
Rice,Area Planted,Rice Expected Production,Zambia,,ZM,units,Mt,49410.24942,45320.89013,,49639.63318,25513.74562,26675.00819,38422.90331
Rice,Expected Production,Rice Expected Production,Central Province,29,ZM-02,units,Mt,610.4769343,14.79161892,2.11452482,17.85119414,1.993075786,20.53075568,51.88462365
Rice,Expected Production,Rice Expected Production,Copperbelt Province,30,ZM-08,units,Mt,43.0485858,71.30251501,29.95352243,4.238742852,18.25729996,21.41523127,212.6996379
Rice,Expected Production,Rice Expected Production,Eastern Province,31,ZM-03,units,Mt,4417.648252,2361.434963,2423.629939,900.3685546,2082.299964,2154.189152,2260.465468
Rice,Expected Production,Rice Expected Production,Luapula Province,32,ZM-04,units,Mt,2652.247031,3490.152803,3537.320824,2254.432491,1720.304522,3591.171374,4440.791336
Rice,Expected Production,Rice Expected Production,Lusaka Province,33,ZM-09,units,Mt,203.9699236,45.15232063,22.82587187,36.52785273,9.081999746,1.036910439,0.424892046
Rice,Expected Production,Rice Expected Production,Muchinga Province,34,ZM-10,units,Mt,,8622.256012,9266.756442,6928.632524,6905.562464,3572.566389,10408.48622
Rice,Expected Production,Rice Expected Production,Northern Province,35,ZM-05,units,Mt,25906.01916,13105.83429,13557.04392,18169.24074,10170.59352,10212.48572,9507.82564
Rice,Expected Production,Rice Expected Production,North-Western Province,36,ZM-06,units,Mt,814.3638865,664.5501736,400.6947541,445.6089589,222.5047303,446.7719669,448.7321046
Rice,Expected Production,Rice Expected Production,Southern Province,37,ZM-07,units,Mt,,44.79764562,16.9696233,21.22464768,,2.160967416,
Rice,Expected Production,Rice Expected Production,Western Province,38,ZM-01,units,Mt,14762.47564,16900.6178,15489.85951,20861.50748,4383.148043,6652.679723,11091.59339
Rice,Expected Production,Rice Yield Rate,Zambia,,ZM,units,MT/HA,1.453449437,1.443885722,1.161656607,1.211477581,0.59356414,1.042213577,1.153723372
Rice,Yield Rate,Rice Yield Rate,Central Province,29,ZM-02,units,MT/HA,2.000048526,3.397333333,0.809714286,0.592636849,0.121278141,1.116099361,0.536567359
Rice,Yield Rate,Rice Yield Rate,Copperbelt Province,30,ZM-08,units,MT/HA,2.371583733,1.756468962,1.094584158,1.571764706,0.50961908,0.785882353,2.447478781
Rice,Yield Rate,Rice Yield Rate,Eastern Province,31,ZM-03,units,MT/HA,1.666982709,1.126614482,1.888542306,1.093632113,1.9810964,1.397758307,1.477981769
Rice,Yield Rate,Rice Yield Rate,Luapula Province,32,ZM-04,units,MT/HA,2.225429439,2.075465534,1.949594432,1.695145056,0.941792736,1.755192384,1.884109855
Rice,Yield Rate,Rice Yield Rate,Lusaka Province,33,ZM-09,units,MT/HA,1.634291671,0.765762289,1.094449087,1.153503753,0.633077326,0.196470588,0.178
Rice,Yield Rate,Rice Yield Rate,Muchinga Province,34,ZM-10,units,MT/HA,,1.72269667,1.493772118,1.601935676,1.836573884,1.16628618,1.883844505
Rice,Yield Rate,Rice Yield Rate,Northern Province,35,ZM-05,units,MT/HA,1.727620298,1.671700825,1.000931408,1.19650159,0.968464592,1.050901574,0.831591853
Rice,Yield Rate,Rice Yield Rate,North-Western Province,36,ZM-06,units,MT/HA,1.255554802,2.082348464,1.680991328,1.618112627,0.91673126,1.517585217,1.262453202
Rice,Yield Rate,Rice Yield Rate,Southern Province,37,ZM-07,units,MT/HA,,0.605338738,0.39187122,0.324219927,,0.485333333,
Rice,Yield Rate,Rice Yield Rate,Western Province,38,ZM-01,units,MT/HA,1.049866942,1.184469816,1.009645128,1.103466277,0.171651575,0.749465559,0.930725549
Rice,Yield Rate,Rice Expected Sales,Zambia,,ZM,units,Mt,26796.6,22999.38696,21432.40927,29750.87202,12728.24399,13867.8859,
Rice,Expected Sales,Rice Expected Sales,Central Province,29,ZM-02,units,Mt,453.0563871,0,0,0,0,13.23214279,8.885328416
Rice,Expected Sales,Rice Expected Sales,Copperbelt Province,30,ZM-08,units,Mt,11.59278685,33.90735084,20.16099626,0,2.569961941,8.030711725,47.80910057
Rice,Expected Sales,Rice Expected Sales,Eastern Province,31,ZM-03,units,Mt,1167.491674,633.5996731,659.7895723,602.1452341,574.742827,602.5626303,495.91849
Rice,Expected Sales,Rice Expected Sales,Luapula Province,32,ZM-04,units,Mt,1733.591664,2051.83433,2228.301387,1349.96811,1026.411504,2113.91272,2809.159826
Rice,Expected Sales,Rice Expected Sales,Lusaka Province,33,ZM-09,units,Mt,101.4043411,30.01659453,7.618040722,10.25443353,2.509074897,0,0
Rice,Expected Sales,Rice Expected Sales,Muchinga Province,34,ZM-10,units,Mt,,3926.319701,4164.368641,3244.483038,2180.788139,1259.815274,4057.578418
Rice,Expected Sales,Rice Expected Sales,Northern Province,35,ZM-05,units,Mt,15960.58579,8766.443953,7554.416002,13900.80903,7681.792752,6612.077032,5955.498001
Rice,Expected Sales,Rice Expected Sales,North-Western Province,36,ZM-06,units,Mt,399.6119115,383.892059,194.6455718,279.8257123,99.0193117,225.8666591,174.1235647
Rice,Expected Sales,Rice Expected Sales,Southern Province,37,ZM-07,units,Mt,,0,11.87873631,53.35847954,,0,
Rice,Expected Sales,Rice Expected Sales,Western Province,38,ZM-01,units,Mt,6969.269964,7173.373297,6591.230322,10310.02798,1160.410419,3032.388726,4986.55646
Rice,Expected Sales,Millet Area Planted,Zambia,,ZM,units,Ha,42662.98046,35828.01416,33783.8385,39322.68556,46843.74484,53673.47769,52787.42257
Millet,Area Planted,Millet Area Planted,Central Province,29,ZM-02,units,Ha,2320.636745,1489.160073,2616.836088,2719.324286,1881.635033,2225.136902,2110.136778
Millet,Area Planted,Millet Area Planted,Copperbelt Province,30,ZM-08,units,Ha,281.2428944,102.1940276,144.7820056,113.4792032,266.8616141,679.6419377,189.1001104
Millet,Area Planted,Millet Area Planted,Eastern Province,31,ZM-03,units,Ha,1784.030252,318.0675466,994.7429223,396.93929,690.4883089,436.8218818,673.5355963
Millet,Area Planted,Millet Area Planted,Luapula Province,32,ZM-04,units,Ha,593.1265539,1551.461088,1112.290936,1275.209395,2025.290401,1766.391912,1241.363107
Millet,Area Planted,Millet Area Planted,Lusaka Province,33,ZM-09,units,Ha,111.5190016,158.3218864,,99.51967991,12.79133641,40.78783466,6.652707243
Millet,Area Planted,Millet Area Planted,Muchinga Province,34,ZM-10,units,Ha,,8135.910589,7757.395845,10304.05464,8023.635179,7464.189481,10054.04474
Millet,Area Planted,Millet Area Planted,Northern Province,35,ZM-05,units,Ha,25960.72476,10589.19016,11784.58814,12738.23533,18085.39097,14511.32538,12883.95848
Millet,Area Planted,Millet Area Planted,North-Western Province,36,ZM-06,units,Ha,578.4103144,332.155684,157.7318174,234.0501899,246.9592043,134.5806415,350.0666348
Millet,Area Planted,Millet Area Planted,Southern Province,37,ZM-07,units,Ha,1194.609243,3684.762217,2350.729609,2147.878723,4736.530155,2251.57548,3164.31963
Millet,Area Planted,Millet Area Planted,Western Province,38,ZM-01,units,Ha,9838.680696,9466.790889,6864.74113,9293.994824,10874.16264,24163.02624,22114.24478
Millet,Area Planted,Millet  Expected Production,Zambia,,ZM,units,Mt,37644.12042,28445.55382,23902.58414,30438.70261,31865.24416,29940.41093,32521.11269
Millet,Expected Production,Millet  Expected Production,Central Province,29,ZM-02,units,Mt,2150.593551,1449.465244,2312.343162,1879.114153,1268.164029,1064.323897,1664.806416
Millet,Expected Production,Millet  Expected Production,Copperbelt Province,30,ZM-08,units,Mt,117.5178844,169.6880159,155.3671231,98.58152476,156.2385899,831.7697603,105.3643279
Millet,Expected Production,Millet  Expected Production,Eastern Province,31,ZM-03,units,Mt,1610.652247,113.3934452,458.8629745,530.8604292,396.6846146,234.8324661,280.2152531
Millet,Expected Production,Millet  Expected Production,Luapula Province,32,ZM-04,units,Mt,546.5640013,1877.896293,1016.839176,1369.4683,2716.49558,1552.337753,1323.809406
Millet,Expected Production,Millet  Expected Production,Lusaka Province,33,ZM-09,units,Mt,24.20117827,206.5967557,,47.68761453,0.693473301,0,0.772854297
Millet,Expected Production,Millet  Expected Production,Muchinga Province,34,ZM-10,units,Mt,,8244.665675,7515.117562,10139.88105,7933.924539,6654.264082,9407.992301
Millet,Expected Production,Millet  Expected Production,Northern Province,35,ZM-05,units,Mt,27967.41348,11187.1459,8973.708452,12405.23946,16548.9045,11705.21548,10463.86143
Millet,Expected Production,Millet  Expected Production,North-Western Province,36,ZM-06,units,Mt,547.3993038,507.1221154,200.4465508,251.4599263,182.0676126,137.9313074,124.1390351
Millet,Expected Production,Millet  Expected Production,Southern Province,37,ZM-07,units,Mt,722.1413106,2082.970375,820.7440044,1099.8286,756.9375312,769.5560771,1000.275854
Millet,Expected Production,Millet  Expected Production,Western Province,38,ZM-01,units,Mt,3957.637466,2606.610002,2449.155131,2616.581559,1905.133684,6990.18011,8149.875813
Millet,Expected Production,Millet Yield Rate,Zambia,,ZM,units,MT/HA,0.882360304,0.793947264,0.707515345,0.774074867,0.680245447,0.55782506,0.61607692
Millet,Yield Rate,Millet Yield Rate,Central Province,29,ZM-02,units,MT/HA,0.926725631,0.973344149,0.883640811,0.691022458,0.673969185,0.478318388,0.788956637
Millet,Yield Rate,Millet Yield Rate,Copperbelt Province,30,ZM-08,units,MT/HA,0.417851923,1.66044944,1.073110726,0.868718867,0.585466705,1.223835249,0.557188083
Millet,Yield Rate,Millet Yield Rate,Eastern Province,31,ZM-03,units,MT/HA,0.902816667,0.356507435,0.461288001,1.337384438,0.574498669,0.537593184,0.416036294
Millet,Yield Rate,Millet Yield Rate,Luapula Province,32,ZM-04,units,MT/HA,0.921496429,1.210405022,0.914184538,1.073916414,1.341286948,0.878818422,1.066415941
Millet,Yield Rate,Millet Yield Rate,Lusaka Province,33,ZM-09,units,MT/HA,0.217013943,1.304915956,,0.479177732,0.054214296,0,0.116171397
Millet,Yield Rate,Millet Yield Rate,Muchinga Province,34,ZM-10,units,MT/HA,,1.013367291,0.968768091,0.984067088,0.988819203,0.891491849,0.935742036
Millet,Yield Rate,Millet Yield Rate,Northern Province,35,ZM-05,units,MT/HA,1.0772971,1.056468504,0.761478326,0.973858555,0.915042674,0.806626216,0.812161996
Millet,Yield Rate,Millet Yield Rate,North-Western Province,36,ZM-06,units,MT/HA,0.946385793,1.526760311,1.270806069,1.074384628,0.737237606,1.024897087,0.354615444
Millet,Yield Rate,Millet Yield Rate,Southern Province,37,ZM-07,units,MT/HA,0.604500019,0.565293024,0.349144368,0.512053399,0.159808448,0.3417856,0.316110877
Millet,Yield Rate,Millet Yield Rate,Western Province,38,ZM-01,units,MT/HA,0.402252862,0.275342514,0.356773123,0.281534648,0.175198197,0.289292411,0.368535118
Millet,Yield Rate,Millet Expected Sales,Zambia,,ZM,units,Mt,10021.90297,7057.175994,6919.709363,,10742.09195,9425.697109,9512.108204
Millet,Expected Sales,Millet Expected Sales,Central Province,29,ZM-02,units,Mt,674.895632,494.4536076,920.5228602,526.9725609,261.4282132,269.1015563,404.0628639
Millet,Expected Sales,Millet Expected Sales,Copperbelt Province,30,ZM-08,units,Mt,1.223571717,107.0859146,81.53872623,47.97035759,68.2749244,666.6415861,10.72436836
Millet,Expected Sales,Millet Expected Sales,Eastern Province,31,ZM-03,units,Mt,428.0990529,13.75731164,87.5981305,196.2294741,79.78559375,88.67503118,31.20451847
Millet,Expected Sales,Millet Expected Sales,Luapula Province,32,ZM-04,units,Mt,170.4736895,680.3830432,583.4857983,766.0371894,1462.25219,600.5512983,634.8728381
Millet,Expected Sales,Millet Expected Sales,Lusaka Province,33,ZM-09,units,Mt,5.75612834,99.95174854,,9.031018684,0,,0.318458414
Millet,Expected Sales,Millet Expected Sales,Muchinga Province,34,ZM-10,units,Mt,,2170.197689,2387.892332,4150.41065,2799.777512,2344.116958,3550.524586
Millet,Expected Sales,Millet Expected Sales,Northern Province,35,ZM-05,units,Mt,8219.435627,3149.37194,2487.36367,5020.18168,5927.603548,4614.905745,4154.315608
Millet,Expected Sales,Millet Expected Sales,North-Western Province,36,ZM-06,units,Mt,208.6127459,151.0742612,136.6984653,12.39871628,64.44885171,86.8214201,51.1532865
Millet,Expected Sales,Millet Expected Sales,Southern Province,37,ZM-07,units,Mt,2.813606934,80.84309499,44.4241986,140.1454875,13.27683104,66.99573222,51.045923
Millet,Expected Sales,Millet Expected Sales,Western Province,38,ZM-01,units,Mt,310.5929115,110.0573833,190.1851815,146.0106639,65.24428303,687.887782,623.8857542
Millet,Expected Sales,Sun Flower Area Planted,Zambia,,ZM,units,Ha,40894.04815,,65600.03025,65513.31886,88815.77195,125815.2616,103751.5182
Sun Flower,Area Planted,Sun Flower Area Planted,Central Province,29,ZM-02,units,Ha,2319.936679,1890.810358,1674.670192,2815.153675,4026.275156,8556.860686,4935.315905
Sun Flower,Area Planted,Sun Flower Area Planted,Copperbelt Province,30,ZM-08,units,Ha,126.8619378,185.1279663,75.57138712,39.49441805,26.25556414,176.316844,180.1092632
Sun Flower,Area Planted,Sun Flower Area Planted,Eastern Province,31,ZM-03,units,Ha,26250.07869,27242.20191,48989.77203,47155.38227,48889.91469,81725.63773,67545.77211
Sun Flower,Area Planted,Sun Flower Area Planted,Luapula Province,32,ZM-04,units,Ha,13.65344134,36.87332557,66.9524397,12.93627999,28.94761807,25.10402094,111.8961157
Sun Flower,Area Planted,Sun Flower Area Planted,Lusaka Province,33,ZM-09,units,Ha,377.301675,166.3852874,258.7038208,129.5207336,56.25399694,259.9941401,239.6153878
Sun Flower,Area Planted,Sun Flower Area Planted,Muchinga Province,34,ZM-10,units,Ha,,755.6723759,1332.294201,801.9484406,1669.234442,1135.36722,1228.269811
Sun Flower,Area Planted,Sun Flower Area Planted,Northern Province,35,ZM-05,units,Ha,3034.406037,2976.708212,1632.583495,1754.164284,1719.983145,1456.452902,633.2913721
Sun Flower,Area Planted,Sun Flower Area Planted,North-Western Province,36,ZM-06,units,Ha,23.50735834,24.14536643,28.45424472,10.93872727,3.663968557,2.634714883,32.57646397
Sun Flower,Area Planted,Sun Flower Area Planted,Southern Province,37,ZM-07,units,Ha,8723.386566,7481.560254,11525.97808,12779.88963,32368.57516,32466.25449,28820.22769
Sun Flower,Area Planted,Sun Flower Area Planted,Western Province,38,ZM-01,units,Ha,24.91576679,110.6251921,15.05036389,13.89040117,26.66821016,10.63888486,24.44412651
Sun Flower,Area Planted,Sun Flower Expected Production,Zambia,,ZM,units,Mt,21954.20887,20468.17098,32283.61838,32099.63662,33862.00035,59442.04187,47524.23857
Sun Flower,Expected Production,Sun Flower Expected Production,Central Province,29,ZM-02,units,Mt,2286.720295,1120.449598,581.5897595,1049.775635,1344.059501,3731.849895,2154.106451
Sun Flower,Expected Production,Sun Flower Expected Production,Copperbelt Province,30,ZM-08,units,Mt,82.5355659,60.68051013,49.62341639,17.42275209,14.98716585,140.1383595,112.5016368
Sun Flower,Expected Production,Sun Flower Expected Production,Eastern Province,31,ZM-03,units,Mt,13625.83186,12969.05892,25088.83279,23939.97981,23806.78098,43583.46667,36048.48585
Sun Flower,Expected Production,Sun Flower Expected Production,Luapula Province,32,ZM-04,units,Mt,5.49065764,33.58207291,77.05368347,5.141813472,5.820426149,15.09706979,15.27571359
Sun Flower,Expected Production,Sun Flower Expected Production,Lusaka Province,33,ZM-09,units,Mt,631.6920245,86.76856936,119.9759946,49.20812627,29.48493843,183.5218821,82.08490395
Sun Flower,Expected Production,Sun Flower Expected Production,Muchinga Province,34,ZM-10,units,Mt,,591.6364952,887.4833007,425.6737256,1022.712058,760.6661927,738.0077877
Sun Flower,Expected Production,Sun Flower Expected Production,Northern Province,35,ZM-05,units,Mt,2103.485016,1697.66803,614.4488684,761.7257316,491.9741898,434.2888371,312.3740044
Sun Flower,Expected Production,Sun Flower Expected Production,North-Western Province,36,ZM-06,units,Mt,9.583525832,22.54116463,14.37412476,4.862045495,1.221420558,0.585539035,14.19644135
Sun Flower,Expected Production,Sun Flower Expected Production,Southern Province,37,ZM-07,units,Mt,3202.453619,3852.837575,4839.325746,5845.191722,7139.718413,10586.51646,8038.321995
Sun Flower,Expected Production,Sun Flower Expected Production,Western Province,38,ZM-01,units,Mt,6.41631109,32.94804918,10.91070154,0.655254393,5.241263141,5.910964428,8.883784648
Sun Flower,Expected Production,Sun Flower Yield Rate,Zambia,,ZM,units,MT/HA,0.536855847,0.500810271,0.492128102,0.489971157,0.381261116,0.47245494,
Sun Flower,Yield Rate,Sun Flower Yield Rate,Central Province,29,ZM-02,units,MT/HA,0.985682202,0.592576401,0.347286148,0.372901716,0.333822068,0.436123718,0.436467795
Sun Flower,Yield Rate,Sun Flower Yield Rate,Copperbelt Province,30,ZM-08,units,MT/HA,0.650593609,0.327776032,0.656642921,0.441144672,0.570818657,0.794809823,0.624629932
Sun Flower,Yield Rate,Sun Flower Yield Rate,Eastern Province,31,ZM-03,units,MT/HA,0.519077753,0.476065002,0.512123893,0.50768287,0.486946666,0.533290016,0.533689744
Sun Flower,Yield Rate,Sun Flower Yield Rate,Luapula Province,32,ZM-04,units,MT/HA,0.402144595,0.910741638,1.15087193,0.39747234,0.201067533,0.601380545,0.136516925
Sun Flower,Yield Rate,Sun Flower Yield Rate,Lusaka Province,33,ZM-09,units,MT/HA,1.67423594,0.521491838,0.463758109,0.379924703,0.52413944,0.705869302,0.342569418
Sun Flower,Yield Rate,Sun Flower Yield Rate,Muchinga Province,34,ZM-10,units,MT/HA,,0.78292725,0.666131625,0.530799368,0.612683295,0.669973714,0.600851524
Sun Flower,Yield Rate,Sun Flower Yield Rate,Northern Province,35,ZM-05,units,MT/HA,0.693211452,0.570317246,0.376365969,0.434238537,0.286034309,0.298182548,0.493254793
Sun Flower,Yield Rate,Sun Flower Yield Rate,North-Western Province,36,ZM-06,units,MT/HA,0.407681956,0.933560677,0.505166273,0.44448,0.33336,0.22224,0.435788285
Sun Flower,Yield Rate,Sun Flower Yield Rate,Southern Province,37,ZM-07,units,MT/HA,0.367111281,0.514977818,0.41986248,0.457374194,0.220575616,0.326077542,0.278912508
Sun Flower,Yield Rate,Sun Flower Yield Rate,Western Province,38,ZM-01,units,MT/HA,0.257520113,0.297834956,0.724946029,0.04717318,0.196535992,0.5556,0.363432281
Sun Flower,Yield Rate,Sun Flower Expected Sales,Zambia,,ZM,units,Mt,1547.169674,302.6584964,,,,,
Sun Flower,Expected Sales,Sun Flower Expected Sales,Central Province,29,ZM-02,units,Mt,856.09,147.9955256,,,,,
Sun Flower,Expected Sales,Sun Flower Expected Sales,Eastern Province,31,ZM-03,units,Mt,52.89,27.33690476,,,,,
Sun Flower,Expected Sales,Sun Flower Expected Sales,Lusaka Province,33,ZM-09,units,Mt,445.34,,,,,,
Sun Flower,Expected Sales,Sun Flower Expected Sales,Muchinga Province,34,ZM-10,units,Mt,,11.05,,,,,
Sun Flower,Expected Sales,Sun Flower Expected Sales,Northern Province,35,ZM-05,units,Mt,1.75,,,,,,
Sun Flower,Expected Sales,Sun Flower Expected Sales,Southern Province,37,ZM-07,units,Mt,190.8905724,116.276066,,,,,
Sun Flower,Expected Sales,Sun Flower Expected Sales,Western Province,38,ZM-01,units,Mt,0,,,,,,
Sun Flower,Expected Sales,Ground Nuts Area Planted,Zambia,,ZM,units,Ha,224121.32,,206292.17,248105.8487,241973.5577,221771.5856,267680.011
Ground Nuts,Area Planted,Ground Nuts Area Planted,Central Province,29,ZM-02,units,Ha,31002.24,19233.65,18939.71,30532.87497,34172.32715,35111.88111,41260.06598
Ground Nuts,Area Planted,Ground Nuts Area Planted,Copperbelt Province,30,ZM-08,units,Ha,8257.34,8734.79,9249.23,10285.78051,8314.651764,7753.913038,8978.395984
Ground Nuts,Area Planted,Ground Nuts Area Planted,Eastern Province,31,ZM-03,units,Ha,67067.34,56946.4,69211.54,79994.80636,65653.31813,67985.89293,96488.18606
Ground Nuts,Area Planted,Ground Nuts Area Planted,Luapula Province,32,ZM-04,units,Ha,18429.46,17599,17941.32,22779.48932,20807.40857,16879.54708,18348.47925
Ground Nuts,Area Planted,Ground Nuts Area Planted,Lusaka Province,33,ZM-09,units,Ha,3030.02,2487.23,2710.69,3746.68138,6976.884583,5038.52645,6368.59552
Ground Nuts,Area Planted,Ground Nuts Area Planted,Muchinga Province,34,ZM-10,units,Ha,,14162.83,16757.9,18068.13657,15323.53254,12375.2727,13818.69535
Ground Nuts,Area Planted,Ground Nuts Area Planted,Northern Province,35,ZM-05,units,Ha,42254.57,29025.21,27002.29,32622.12124,33937.75342,25364.33736,23984.15154
Ground Nuts,Area Planted,Ground Nuts Area Planted,North-Western Province,36,ZM-06,units,Ha,5575.82,7813.68,8464.53,11864.26126,10700.404,12491.96526,14560.38437
Ground Nuts,Area Planted,Ground Nuts Area Planted,Southern Province,37,ZM-07,units,Ha,38360.46,23088.83,29995.68,31029.06742,35729.44957,28985.39692,35437.01952
Ground Nuts,Area Planted,Ground Nuts Area Planted,Western Province,38,ZM-01,units,Ha,10144.07,5305.43,6019.27,7182.629668,10357.82799,9784.852772,8436.03745
Ground Nuts,Area Planted,Ground Nuts Expected Production,Zambia,,ZM,units,Mt,139387.56,113025.66,106170.34,142075.6992,109609.0096,128336.8688,165882.1837
Ground Nuts,Expected Production,Ground Nuts Expected Production,Central Province,29,ZM-02,units,Mt,17004.9,12105.81,12424.3,20353.64499,34172.32715,20079.88302,25764.11937
Ground Nuts,Expected Production,Ground Nuts Expected Production,Copperbelt Province,30,ZM-08,units,Mt,6093.08,5426.81,6035.24,8841.355795,8314.651764,9466.466445,6957.63314
Ground Nuts,Expected Production,Ground Nuts Expected Production,Eastern Province,31,ZM-03,units,Mt,29558.14,30929.79,30568.39,37832.85797,65653.31813,31236.11263,57155.81971
Ground Nuts,Expected Production,Ground Nuts Expected Production,Luapula Province,32,ZM-04,units,Mt,11486.07,14132.64,11440.22,15926.92282,20807.40857,12394.53431,11935.32108
Ground Nuts,Expected Production,Ground Nuts Expected Production,Lusaka Province,33,ZM-09,units,Mt,1418.8,1152.19,1495.7,1836.208933,6976.884583,2006.020633,1970.850551
Ground Nuts,Expected Production,Ground Nuts Expected Production,Muchinga Province,34,ZM-10,units,Mt,,10817.37,10674.48,10956.25987,15323.53254,7240.185313,9438.674152
Ground Nuts,Expected Production,Ground Nuts Expected Production,Northern Province,35,ZM-05,units,Mt,31004.01,16210.93,13762.76,17404.75895,33937.75342,16296.4006,14170.89792
Ground Nuts,Expected Production,Ground Nuts Expected Production,North-Western Province,36,ZM-06,units,Mt,4604.86,10336.77,6888.71,11887.06194,10700.404,10438.40328,14955.72548
Ground Nuts,Expected Production,Ground Nuts Expected Production,Southern Province,37,ZM-07,units,Mt,32709.58,9615.66,10648.86,14291.09563,35729.44957,15250.7148,18920.2669
Ground Nuts,Expected Production,Ground Nuts Expected Production,Western Province,38,ZM-01,units,Mt,5508.12,2297.68,2231.69,2745.532312,10357.82799,3928.147809,4612.87539
Ground Nuts,Expected Production,Ground Nuts Yield Rate,Zambia,,ZM,units,MT/HA,0.62,0.61,0.51,0.572641475,0.452979287,0.578689414,0.619703291
Ground Nuts,Yield Rate,Ground Nuts Yield Rate,Central Province,29,ZM-02,units,MT/HA,0.55,0.63,0.66,0.666614101,0.452059624,0.571882861,0.624432336
Ground Nuts,Yield Rate,Ground Nuts Yield Rate,Copperbelt Province,30,ZM-08,units,MT/HA,0.74,0.62,0.65,0.859570724,0.769790573,1.220863118,0.774930528
Ground Nuts,Yield Rate,Ground Nuts Yield Rate,Eastern Province,31,ZM-03,units,MT/HA,0.44,0.54,0.44,0.472941428,0.361583698,0.459449913,0.592360806
Ground Nuts,Yield Rate,Ground Nuts Yield Rate,Luapula Province,32,ZM-04,units,MT/HA,0.62,0.8,0.64,0.699178221,0.533987249,0.734293062,0.650480125
Ground Nuts,Yield Rate,Ground Nuts Yield Rate,Lusaka Province,33,ZM-09,units,MT/HA,0.47,0.46,0.55,0.490089428,0.242804155,0.39813637,0.309463923
Ground Nuts,Yield Rate,Ground Nuts Yield Rate,Muchinga Province,34,ZM-10,units,MT/HA,,0.76,0.64,0.606385713,0.616470026,0.585052587,0.683036561
Ground Nuts,Yield Rate,Ground Nuts Yield Rate,Northern Province,35,ZM-05,units,MT/HA,0.73,0.56,0.51,0.533526279,0.5814205,0.642492661,0.590844246
Ground Nuts,Yield Rate,Ground Nuts Yield Rate,North-Western Province,36,ZM-06,units,MT/HA,0.83,1.32,0.81,1.001921795,0.808592922,0.835609375,1.027151832
Ground Nuts,Yield Rate,Ground Nuts Yield Rate,Southern Province,37,ZM-07,units,MT/HA,0.85,0.42,0.36,0.460571226,0.300510204,0.526151663,0.533912478
Ground Nuts,Yield Rate,Ground Nuts Yield Rate,Western Province,38,ZM-01,units,MT/HA,0.54,0.43,0.37,0.382246119,0.2557026,0.401451907,0.54680594
Ground Nuts,Yield Rate,Ground Nuts Expected Sales,Zambia,,ZM,units,Mt,46986.21,45701.06,44177.78,,43189.71172,49728.64381,78127.80072
Ground Nuts,Expected Sales,Ground Nuts Expected Sales,Central Province,29,ZM-02,units,Mt,7765.4,5703.9,6194.61,11489.49871,5994.745672,8746.957219,12864.4489
Ground Nuts,Expected Sales,Ground Nuts Expected Sales,Copperbelt Province,30,ZM-08,units,Mt,2345.75,2913.42,3229.9,4490.970398,3317.643618,4898.004752,5159.480694
Ground Nuts,Expected Sales,Ground Nuts Expected Sales,Eastern Province,31,ZM-03,units,Mt,8261.73,10246.5,11662.88,14369.11539,7441.423278,10509.85281,25959.91093
Ground Nuts,Expected Sales,Ground Nuts Expected Sales,Luapula Province,32,ZM-04,units,Mt,4805.9,6501.77,6257.33,8299.379548,5599.53674,5186.36024,5576.515978
Ground Nuts,Expected Sales,Ground Nuts Expected Sales,Lusaka Province,33,ZM-09,units,Mt,433.81,377.42,519.37,657.1122471,319.3597116,616.2317988,737.3431471
Ground Nuts,Expected Sales,Ground Nuts Expected Sales,Muchinga Province,34,ZM-10,units,Mt,,4425.89,4061.45,4471.641935,3643.260836,3023.775176,3534.938768
Ground Nuts,Expected Sales,Ground Nuts Expected Sales,Northern Province,35,ZM-05,units,Mt,13324.8,7563.57,5685.49,7848.153315,7909.080059,7013.056548,6580.28659
Ground Nuts,Expected Sales,Ground Nuts Expected Sales,North-Western Province,36,ZM-06,units,Mt,2152.28,5503.62,3808.43,7176.591332,5143.56799,4810.256133,9759.172621
Ground Nuts,Expected Sales,Ground Nuts Expected Sales,Southern Province,37,ZM-07,units,Mt,6795.85,2108.95,2236.32,3759.751914,2984.780164,3430.561379,6202.299357
Ground Nuts,Expected Sales,Ground Nuts Expected Sales,Western Province,38,ZM-01,units,Mt,1100.68,356.02,522.01,873.0029405,836.313646,1493.58776,1753.403739
Ground Nuts,Expected Sales,Soya Beans Area Planted,Zambia,,ZM,units,Ha,61421.9,86222.56,44286.53,55434.38258,59126.38807,80134.35382,161859.1087
Soya Beans,Area Planted,Soya Beans Area Planted,Central Province,29,ZM-02,units,Ha,24219.1,39999.52,13134.8,22539.87103,24656.74836,35097.86665,56406.65301
Soya Beans,Area Planted,Soya Beans Area Planted,Copperbelt Province,30,ZM-08,units,Ha,6429.12,13273.34,2281.63,1696.294783,1713.02574,3737.874592,6044.66624
Soya Beans,Area Planted,Soya Beans Area Planted,Eastern Province,31,ZM-03,units,Ha,7392.41,8774.19,17037.34,22071.22425,23128.83177,32961.26777,83252.25892
Soya Beans,Area Planted,Soya Beans Area Planted,Luapula Province,32,ZM-04,units,Ha,128.84,169.08,694.2,313.1056763,431.7684014,400.4626109,882.7997705
Soya Beans,Area Planted,Soya Beans Area Planted,Lusaka Province,33,ZM-09,units,Ha,10336.86,10248.28,991.46,642.3602041,1190.032016,683.4579675,2158.922568
Soya Beans,Area Planted,Soya Beans Area Planted,Muchinga Province,34,ZM-10,units,Ha,,1765.14,3395.15,2994.43784,2559.800432,1396.668972,3211.922542
Soya Beans,Area Planted,Soya Beans Area Planted,Northern Province,35,ZM-05,units,Ha,2805.78,2261.06,2847.7,3597.875199,4019.089823,3968.878448,5122.059807
Soya Beans,Area Planted,Soya Beans Area Planted,North-Western Province,36,ZM-06,units,Ha,318.28,450.34,1133.92,466.142855,459.5607966,337.817544,724.1544068
Soya Beans,Area Planted,Soya Beans Area Planted,Southern Province,37,ZM-07,units,Ha,9723.6,9056.85,2586.67,1033.895733,822.116886,1364.030763,3778.926508
Soya Beans,Area Planted,Soya Beans Area Planted,Western Province,38,ZM-01,units,Ha,67.93,224.76,183.65,79.17501407,145.4138448,186.028501,276.7449504
Soya Beans,Area Planted,Soya Beans Area Expected Production,Zambia,,ZM,units,Mt,116539.26,,36755.92,42718.27924,38594.75046,65303.88769,150994.4254
Soya Beans,Expected Production,Soya Beans Area Expected Production,Central Province,29,ZM-02,units,Mt,43917.92,99562.73,11279.87,1727.464922,13983.30744,26520.40277,54793.67265
Soya Beans,Expected Production,Soya Beans Area Expected Production,Copperbelt Province,30,ZM-08,units,Mt,18081.62,50397.4,2296.63,17246.22834,1618.874424,4359.930962,6142.067383
Soya Beans,Expected Production,Soya Beans Area Expected Production,Eastern Province,31,ZM-03,units,Mt,7327.84,5545.57,14072.65,404.1890231,15838.08759,27313.48945,76879.80103
Soya Beans,Expected Production,Soya Beans Area Expected Production,Luapula Province,32,ZM-04,units,Mt,90.99,201.95,750.06,519.175589,247.9019119,305.3780571,755.8691988
Soya Beans,Expected Production,Soya Beans Area Expected Production,Lusaka Province,33,ZM-09,units,Mt,23330.46,23232.57,881.53,2239.354295,575.3186808,645.2445963,1951.499141
Soya Beans,Expected Production,Soya Beans Area Expected Production,Muchinga Province,34,ZM-10,units,Mt,,1532.53,2176.14,3026.650462,2456.078708,1308.468664,2697.919017
Soya Beans,Expected Production,Soya Beans Area Expected Production,Northern Province,35,ZM-05,units,Mt,2178.28,2920.94,2285.89,575.2749715,3061.072126,3271.415769,4089.121301
Soya Beans,Expected Production,Soya Beans Area Expected Production,North-Western Province,36,ZM-06,units,Mt,552.18,511.8,1106.87,497.4227511,284.4880408,218.8563483,620.044909
Soya Beans,Expected Production,Soya Beans Area Expected Production,Southern Province,37,ZM-07,units,Mt,20968.18,19043.58,1771.99,26.41832472,432.6716993,1240.298172,2862.515183
Soya Beans,Expected Production,Soya Beans Area Expected Production,Western Province,38,ZM-01,units,Mt,91.78,89.38,134.3,,96.94983877,120.4028984,201.9155875
Soya Beans,Expected Production,soya Beans Yied Rate,Zambia,,ZM,units,MT/HA,1.9,,0.83,0.770609814,0.652750011,0.814929984,0.932875676
Soya Beans,Yield Rate,soya Beans Yied Rate,Central Province,29,ZM-02,units,MT/HA,1.81,2.49,0.86,0.730088497,0.567118877,0.755612956,0.971404431
Soya Beans,Yield Rate,soya Beans Yied Rate,Copperbelt Province,30,ZM-08,units,MT/HA,2.81,3.8,1.01,1.018375426,0.945038003,1.166419808,1.016113568
Soya Beans,Yield Rate,soya Beans Yied Rate,Eastern Province,31,ZM-03,units,MT/HA,0.99,0.63,0.83,0.781389748,0.684776808,0.828654093,0.923456036
Soya Beans,Yield Rate,soya Beans Yied Rate,Luapula Province,32,ZM-04,units,MT/HA,0.71,1.19,1.08,1.290902892,0.574154827,0.762563218,0.856218164
Soya Beans,Yield Rate,soya Beans Yied Rate,Lusaka Province,33,ZM-09,units,MT/HA,2.26,2.27,0.89,0.808231247,0.483448069,0.944088191,0.903922711
Soya Beans,Yield Rate,soya Beans Yied Rate,Muchinga Province,34,ZM-10,units,MT/HA,,0.87,0.64,0.747837963,0.959480543,0.936849526,0.839970137
Soya Beans,Yield Rate,soya Beans Yied Rate,Northern Province,35,ZM-05,units,MT/HA,0.78,1.29,0.8,0.841232754,0.761633171,0.82426706,0.798335329
Soya Beans,Yield Rate,soya Beans Yied Rate,North-Western Province,36,ZM-06,units,MT/HA,1.74,1.14,0.98,1.234117321,0.619043319,0.647853707,0.856233012
Soya Beans,Yield Rate,soya Beans Yied Rate,Southern Province,37,ZM-07,units,MT/HA,2.16,2.1,0.69,0.481115005,0.526289761,0.909289003,0.757494272
Soya Beans,Yield Rate,soya Beans Yied Rate,Western Province,38,ZM-01,units,MT/HA,1.35,0.4,0.73,0.333669972,0.6667167,0.647228235,0.729608931
Soya Beans,Yield Rate,Soya Beans Expected Sales,Zambia,,ZM,units,Mt,100698.03,182790.31,25091.74,33461.97369,24618.38556,45724.44816,118547.1536
Soya Beans,Expected Sales,Soya Beans Expected Sales,Central Province,29,ZM-02,units,Mt,40640.64,94552.87,8410.8,15017.05172,8781.96314,20714.15804,44034.99525
Soya Beans,Expected Sales,Soya Beans Expected Sales,Copperbelt Province,30,ZM-08,units,Mt,17955.42,49622.2,1688.99,1294.723202,1211.346244,3478.505503,4461.313507
Soya Beans,Expected Sales,Soya Beans Expected Sales,Eastern Province,31,ZM-03,units,Mt,5298.07,2633.43,10261.6,12430.40577,10317.6355,16542.88568,60697.45496
Soya Beans,Expected Sales,Soya Beans Expected Sales,Luapula Province,32,ZM-04,units,Mt,29.64,56.06,389.98,276.1290968,129.2574053,147.8723223,566.3138149
Soya Beans,Expected Sales,Soya Beans Expected Sales,Lusaka Province,33,ZM-09,units,Mt,20082.66,19330.86,452.7,396.6718943,510.6606098,535.125817,1706.360689
Soya Beans,Expected Sales,Soya Beans Expected Sales,Muchinga Province,34,ZM-10,units,Mt,,918.67,1436.54,1347.147573,1556.728763,765.9276392,1590.628298
Soya Beans,Expected Sales,Soya Beans Expected Sales,Northern Province,35,ZM-05,units,Mt,895.86,2377.03,1280.12,2055.143937,1886.956024,2280.682375,2477.251639
Soya Beans,Expected Sales,Soya Beans Expected Sales,North-Western Province,36,ZM-06,units,Mt,216.65,289.49,614.37,281.1385817,112.4482803,126.9317852,467.0128437
Soya Beans,Expected Sales,Soya Beans Expected Sales,Southern Province,37,ZM-07,units,Mt,15514.76,12967.65,463.19,343.752547,74.24712383,1075.382624,2380.943038
Soya Beans,Expected Sales,Soya Beans Expected Sales,Western Province,38,ZM-01,units,Mt,64.34,42.04,93.46,19.80936999,37.14247602,56.97637156,164.879574
Soya Beans,Expected Sales,Wheat Area Planted,Zambia,,ZM,units,Ha,37637.32,37230.18,,,,,
Wheat,Area Planted,Wheat Area Planted,Central Province,29,ZM-02,units,Ha,19881.26,22443.52,,,,,
Wheat,Area Planted,Wheat Area Planted,Copperbelt Province,30,ZM-08,units,Ha,3410,5867.5,,,,,
Wheat,Area Planted,Wheat Area Planted,Lusaka Province,33,ZM-09,units,Ha,8876.83,5321.88,,,,,
Wheat,Area Planted,Wheat Area Planted,Northern Province,35,ZM-05,units,Ha,2.2,658.8,,,,,
Wheat,Area Planted,Wheat Area Planted,Southern Province,37,ZM-07,units,Ha,5467.03,2938.48,,,,,
Wheat,Area Planted,Wheat Expected Prodution,Zambia,,ZM,units,Mt,237335.69,253522.15,,,,,
Wheat,Expected Production,Wheat Expected Prodution,Central Province,29,ZM-02,units,Mt,123307.5,155512.19,,,,,
Wheat,Expected Production,Wheat Expected Prodution,Copperbelt Province,30,ZM-08,units,Mt,26575,38942.25,,,,,
Wheat,Expected Production,Wheat Expected Prodution,Lusaka Province,33,ZM-09,units,Mt,53596.95,35013.14,,,,,
Wheat,Expected Production,Wheat Expected Prodution,Northern Province,35,ZM-05,units,Mt,3.3,3294,,,,,
Wheat,Expected Production,Wheat Expected Prodution,Southern Province,37,ZM-07,units,Mt,33852.94,20760.56,,,,,
Wheat,Expected Production,Wheat Yied Rate,Zambia,,ZM,units,MT/HA,6.31,,,,,,
Wheat,Yield Rate,Wheat Yied Rate,Central Province,29,ZM-02,units,MT/HA,6.2,6.93,,,,,
Wheat,Yield Rate,Wheat Yied Rate,Copperbelt Province,30,ZM-08,units,MT/HA,7.79,6.64,,,,,
Wheat,Yield Rate,Wheat Yied Rate,Lusaka Province,33,ZM-09,units,MT/HA,6.04,6.58,,,,,
Wheat,Yield Rate,Wheat Yied Rate,Northern Province,35,ZM-05,units,MT/HA,1.5,5,,,,,
Wheat,Yield Rate,Wheat Yied Rate,Southern Province,37,ZM-07,units,MT/HA,6.19,7.07,,,,,
Wheat,Yield Rate,Wheat Expected Sales,Zambia,,ZM,units,Mt,200303.35,250629.38,,,,,
Wheat,Expected Sales,Wheat Expected Sales,Central Province,29,ZM-02,units,Mt,107189.63,153554.36,,,,,
Wheat,Expected Sales,Wheat Expected Sales,Copperbelt Province,30,ZM-08,units,Mt,26575,38864.25,,,,,
Wheat,Expected Sales,Wheat Expected Sales,Lusaka Province,33,ZM-09,units,Mt,43889.67,34321.14,,,,,
Wheat,Expected Sales,Wheat Expected Sales,Northern Province,35,ZM-05,units,Mt,2.97,3146.85,,,,,
Wheat,Expected Sales,Wheat Expected Sales,Southern Province,37,ZM-07,units,Mt,22646.09,20742.78,,,,,
Wheat,Expected Sales,Mixed Beans Area Planted,Zambia,,ZM,units,Ha,71544.01,88672.81,103469.67,110170.7535,92961.69137,89863.3357,83092.59654
Mixed Beans,Area Planted,Mixed Beans Area Planted,Central Province,29,ZM-02,units,Ha,4439.64,5554.58,7533.43,7802.426329,7446.588801,5602.481358,5544.264625
Mixed Beans,Area Planted,Mixed Beans Area Planted,Copperbelt Province,30,ZM-08,units,Ha,2840.09,2470.4,2753.56,1906.271213,2187.892321,1348.383984,1011.547159
Mixed Beans,Area Planted,Mixed Beans Area Planted,Eastern Province,31,ZM-03,units,Ha,2598.8,3724.24,6343.79,5755.902792,4251.581074,2497.257431,3928.545064
Mixed Beans,Area Planted,Mixed Beans Area Planted,Luapula Province,32,ZM-04,units,Ha,4261.43,5992.24,7888.58,6812.398182,6703.174792,6162.835868,4505.496629
Mixed Beans,Area Planted,Mixed Beans Area Planted,Lusaka Province,33,ZM-09,units,Ha,855.66,800.33,626.85,1084.196011,1005.02825,382.3381253,752.2061587
Mixed Beans,Area Planted,Mixed Beans Area Planted,Muchinga Province,34,ZM-10,units,Ha,,11074.38,15545.71,15481.66084,12454.09875,10088.54061,11235.33667
Mixed Beans,Area Planted,Mixed Beans Area Planted,Northern Province,35,ZM-05,units,Ha,50241.9,50983.93,55138.52,60738.84632,50567.89656,52438.38909,47362.22204
Mixed Beans,Area Planted,Mixed Beans Area Planted,North-Western Province,36,ZM-06,units,Ha,4705.93,6224.65,5225.29,6541.270549,6218.393881,5560.153144,5747.551656
Mixed Beans,Area Planted,Mixed Beans Area Planted,Southern Province,37,ZM-07,units,Ha,357.23,1658.18,2155.74,3032.591532,1847.011274,3389.638442,1935.073116
Mixed Beans,Area Planted,Mixed Beans Area Planted,Western Province,38,ZM-01,units,Ha,1243.33,189.87,258.19,1015.189734,280.0256764,2393.317646,1070.353414
Mixed Beans,Area Planted,Mixed Beans Expected Production,Zambia,,ZM,units,Mt,47070.43,55300.68,56034.88,61494.59112,50137.21706,44935.0731,45298.77708
Mixed Beans,Expected Production,Mixed Beans Expected Production,Central Province,29,ZM-02,units,Mt,3279.36,3649.09,5993.76,5230.860765,3694.082339,2220.326003,2387.990555
Mixed Beans,Expected Production,Mixed Beans Expected Production,Copperbelt Province,30,ZM-08,units,Mt,1826.83,1490.44,1874.8,1203.389332,1296.590795,700.9066596,640.011974
Mixed Beans,Expected Production,Mixed Beans Expected Production,Eastern Province,31,ZM-03,units,Mt,1432.09,2087.78,3351.86,2778.559839,1868.88563,1297.195729,2286.942936
Mixed Beans,Expected Production,Mixed Beans Expected Production,Luapula Province,32,ZM-04,units,Mt,2998.53,3663.01,4305.56,4094.970119,4966.013212,3412.848087,2600.24012
Mixed Beans,Expected Production,Mixed Beans Expected Production,Lusaka Province,33,ZM-09,units,Mt,422.49,748.56,223.9,652.5456172,650.583494,222.861266,306.1274437
Mixed Beans,Expected Production,Mixed Beans Expected Production,Muchinga Province,34,ZM-10,units,Mt,,6549.61,7439.27,9246.842309,6498.093723,5658.422255,6117.053491
Mixed Beans,Expected Production,Mixed Beans Expected Production,Northern Province,35,ZM-05,units,Mt,33508.72,31171.66,28490.68,31857.63101,26283.91227,25572.72521,25965.12318
Mixed Beans,Expected Production,Mixed Beans Expected Production,North-Western Province,36,ZM-06,units,Mt,3147.22,4953.92,3554.16,4446.014916,4308.970165,3670.306493,3532.257225
Mixed Beans,Expected Production,Mixed Beans Expected Production,Southern Province,37,ZM-07,units,Mt,163.29,874.02,701,1672.146463,543.0733488,1536.77338,864.7932923
Mixed Beans,Expected Production,Mixed Beans Expected Production,Western Province,38,ZM-01,units,Mt,291.89,112.59,99.88,311.6307535,27.01207522,642.7080164,598.236859
Mixed Beans,Expected Production,Mixed Beans Yied Rate,Zambia,,ZM,units,MT/HA,0.66,0.62,0.54,0.558175279,0.539332023,0.500037894,0.545160206
Mixed Beans,Yield Rate,Mixed Beans Yied Rate,Central Province,29,ZM-02,units,MT/HA,0.74,0.66,0.8,0.670414631,0.496077122,0.396311181,0.430713668
Mixed Beans,Yield Rate,Mixed Beans Yied Rate,Copperbelt Province,30,ZM-08,units,MT/HA,0.64,0.6,0.68,0.631279182,0.592620936,0.519812359,0.632706017
Mixed Beans,Yield Rate,Mixed Beans Yied Rate,Eastern Province,31,ZM-03,units,MT/HA,0.55,0.56,0.53,0.482732238,0.439574266,0.519448141,0.582134836
Mixed Beans,Yield Rate,Mixed Beans Yied Rate,Luapula Province,32,ZM-04,units,MT/HA,0.7,0.61,0.55,0.601105515,0.740844953,0.553778838,0.577126194
Mixed Beans,Yield Rate,Mixed Beans Yied Rate,Lusaka Province,33,ZM-09,units,MT/HA,0.49,0.94,0.36,0.601870521,0.647328564,0.582890513,0.406972796
Mixed Beans,Yield Rate,Mixed Beans Yied Rate,Muchinga Province,34,ZM-10,units,MT/HA,,0.59,0.48,0.597277153,0.521763466,0.560876194,0.544447725
Mixed Beans,Yield Rate,Mixed Beans Yied Rate,Northern Province,35,ZM-05,units,MT/HA,0.67,0.61,0.52,0.524501747,0.51977468,0.487671831,0.548224345
Mixed Beans,Yield Rate,Mixed Beans Yied Rate,North-Western Province,36,ZM-06,units,MT/HA,0.67,0.8,0.68,0.679686749,0.692939406,0.660108885,0.614567286
Mixed Beans,Yield Rate,Mixed Beans Yied Rate,Southern Province,37,ZM-07,units,MT/HA,0.46,0.53,0.33,0.551391919,0.294028172,0.453373835,0.446904711
Mixed Beans,Yield Rate,Mixed Beans Yied Rate,Western Province,38,ZM-01,units,MT/HA,0.23,0.59,0.39,0.306967991,0.096462851,0.268542714,0.558915262
Mixed Beans,Yield Rate,Mixed Beans Expeted Sales,Zambia,,ZM,units,Mt,24571.68,28934.32,29532.9,34692.33892,24965.21723,23962.30922,24477.03074
Mixed Beans,Expected Sales,Mixed Beans Expeted Sales,Central Province,29,ZM-02,units,Mt,1821.09,1649.61,3538.09,3711.004103,1601.857836,983.5487516,1090.956105
Mixed Beans,Expected Sales,Mixed Beans Expeted Sales,Copperbelt Province,30,ZM-08,units,Mt,800.19,502.77,674.74,449.6304289,349.253269,286.0429147,284.2863405
Mixed Beans,Expected Sales,Mixed Beans Expeted Sales,Eastern Province,31,ZM-03,units,Mt,507.77,746.38,1426.32,1200.179356,798.7679966,786.563918,1592.526175
Mixed Beans,Expected Sales,Mixed Beans Expeted Sales,Luapula Province,32,ZM-04,units,Mt,1053.07,1602.24,1982.42,2423.340985,3057.837826,1664.301391,1227.5433
Mixed Beans,Expected Sales,Mixed Beans Expeted Sales,Lusaka Province,33,ZM-09,units,Mt,251.17,268.14,113.12,264.0100607,162.5468792,65.54451357,125.7806365
Mixed Beans,Expected Sales,Mixed Beans Expeted Sales,Muchinga Province,34,ZM-10,units,Mt,,3066.38,3027.02,4167.679297,2678.279587,2868.445557,2889.257085
Mixed Beans,Expected Sales,Mixed Beans Expeted Sales,Northern Province,35,ZM-05,units,Mt,18622.02,17506.9,16501.17,19562.71313,13557.10003,14717.38796,14959.09606
Mixed Beans,Expected Sales,Mixed Beans Expeted Sales,North-Western Province,36,ZM-06,units,Mt,1468.98,3210.7,2101.62,2447.178924,2601.515926,2119.27486,1875.493957
Mixed Beans,Expected Sales,Mixed Beans Expeted Sales,Southern Province,37,ZM-07,units,Mt,25.5,333.75,152.49,416.1860935,156.9934742,330.6583123,291.7743244
Mixed Beans,Expected Sales,Mixed Beans Expeted Sales,Western Province,38,ZM-01,units,Mt,21.9,47.43,15.92,50.41654643,1.064406096,140.5410405,140.31675
Mixed Beans,Expected Sales,Cotton Area Planted,Zambia,,ZM,units,Ha,131856.68,314497.29,171787.17,133461.981,158261.1395,,
Cotton,Area Planted,Cotton Area Planted,Central Province,29,ZM-02,units,Ha,31800.38,68829.91,47911.31,32028.2502,36854.92749,,
Cotton,Area Planted,Cotton Area Planted,Copperbelt Province,30,ZM-08,units,Ha,36.47,607.85,76.69,219.4342407,691.9791905,,
Cotton,Area Planted,Cotton Area Planted,Eastern Province,31,ZM-03,units,Ha,85107.02,190879.95,90345.32,75691.08694,97827.46223,,
Cotton,Area Planted,Cotton Area Planted,Luapula Province,32,ZM-04,units,Ha,,,,0.925286379,,,
Cotton,Area Planted,Cotton Area Planted,Lusaka Province,33,ZM-09,units,Ha,712.32,2767.42,1107.34,716.5447262,176.6680388,,
Cotton,Area Planted,Cotton Area Planted,Muchinga Province,34,ZM-10,units,Ha,,10180.49,6872.76,8564.0853,9506.111103,,
Cotton,Area Planted,Cotton Area Planted,North-Western Province,36,ZM-06,units,Ha,8.3,,,,,,
Cotton,Area Planted,Cotton Area Planted,Southern Province,37,ZM-07,units,Ha,13974.71,40485.55,25377.36,15907.4691,13203.9914,,
Cotton,Area Planted,Cotton Area Planted,Western Province,38,ZM-01,units,Ha,217.48,746.12,96.39,334.1851999,,,
Cotton,Area Planted,Cotton Expected Production,Zambia,,ZM,units,Mt,,269501.82,139293.33,119926.6039,103626.1263,,
Cotton,Expected Production,Cotton Expected Production,Central Province,29,ZM-02,units,Mt,27595.62,54147.82,30497.32,22179.62837,15782.43726,,
Cotton,Expected Production,Cotton Expected Production,Copperbelt Province,30,ZM-08,units,Mt,40.2,787.12,45.18,272.7779174,701.3008711,,
Cotton,Expected Production,Cotton Expected Production,Eastern Province,31,ZM-03,units,Mt,83902.61,161235.3,84518.86,70941.17708,69919.84588,,
Cotton,Expected Production,Cotton Expected Production,Luapula Province,32,ZM-04,units,Mt,,,,2.664824771,,,
Cotton,Expected Production,Cotton Expected Production,Lusaka Province,33,ZM-09,units,Mt,502.12,2634.73,1200.55,406.5299188,161.9926941,,
Cotton,Expected Production,Cotton Expected Production,Muchinga Province,34,ZM-10,units,Mt,,16292.18,9333.48,13518.41413,11390.67604,,
Cotton,Expected Production,Cotton Expected Production,North-Western Province,36,ZM-06,units,Mt,0.83,,,,,,
Cotton,Expected Production,Cotton Expected Production,Southern Province,37,ZM-07,units,Mt,9390.86,33528.15,13638.35,12090.39329,5669.873569,,
Cotton,Expected Production,Cotton Expected Production,Western Province,38,ZM-01,units,Mt,475.4,876.51,59.58,515.0184096,,,
Cotton,Expected Production,Cotton Yied Rate,Zambia,,ZM,units,MT/HA,0.92,0.86,0.81,,0.654779352,,
Cotton,Yield Rate,Cotton Yied Rate,Central Province,29,ZM-02,units,MT/HA,0.87,0.79,0.64,0.692502033,0.428231402,,
Cotton,Yield Rate,Cotton Yied Rate,Copperbelt Province,30,ZM-08,units,MT/HA,1.1,1.3,0.59,1.243096413,1.013471042,,
Cotton,Yield Rate,Cotton Yied Rate,Eastern Province,31,ZM-03,units,MT/HA,0.99,0.84,0.94,0.937246114,0.714726154,,
Cotton,Yield Rate,Cotton Yied Rate,Luapula Province,32,ZM-04,units,MT/HA,,,,2.88,,,
Cotton,Yield Rate,Cotton Yied Rate,Lusaka Province,33,ZM-09,units,MT/HA,0.7,0.95,1.08,0.567347583,0.916932656,,
Cotton,Yield Rate,Cotton Yied Rate,Muchinga Province,34,ZM-10,units,MT/HA,,1.6,1.36,1.57850064,1.198247729,,
Cotton,Yield Rate,Cotton Yied Rate,North-Western Province,36,ZM-06,units,MT/HA,0.1,,,,,,
Cotton,Yield Rate,Cotton Yied Rate,Southern Province,37,ZM-07,units,MT/HA,0.67,0.83,0.54,0.760045059,0.429406033,,
Cotton,Yield Rate,Cotton Yied Rate,Western Province,38,ZM-01,units,MT/HA,2.19,1.18,0.62,1.541116751,,,
Cotton,Yield Rate,Cotton Expected Sales,Zambia,,ZM,units,Mt,707.33,1575.96,,,,,
Cotton,Expected Sales,Cotton Expected Sales,Central Province,29,ZM-02,units,Mt,232.65,1036.03,,,,,
Cotton,Expected Sales,Cotton Expected Sales,Copperbelt Province,30,ZM-08,units,Mt,,2.4,,,,,
Cotton,Expected Sales,Cotton Expected Sales,Eastern Province,31,ZM-03,units,Mt,66.01,279.79,,,,,
Cotton,Expected Sales,Cotton Expected Sales,Lusaka Province,33,ZM-09,units,Mt,82.82,140.66,,,,,
Cotton,Expected Sales,Cotton Expected Sales,Southern Province,37,ZM-07,units,Mt,324.05,111.28,,,,,
Cotton,Expected Sales,Cotton Expected Sales,Western Province,38,ZM-01,units,Mt,1.8,5.8,,,,,
Cotton,Expected Sales,Virginia Tobacco Area Planted,Zambia,,ZM,units,Ha,15079.94,10724.96,5263.6,,,,
Virginia Tobacco,Area Planted,Virginia Tobacco Area Planted,Central Province,29,ZM-02,units,Ha,6672.95,4176.84,367.28,,,,
Virginia Tobacco,Area Planted,Virginia Tobacco Area Planted,Copperbelt Province,30,ZM-08,units,Ha,0.07,,,,,,
Virginia Tobacco,Area Planted,Virginia Tobacco Area Planted,Eastern Province,31,ZM-03,units,Ha,1060.79,1317.31,1093.09,,,,
Virginia Tobacco,Area Planted,Virginia Tobacco Area Planted,Luapula Province,32,ZM-04,units,Ha,,1,,,,,
Virginia Tobacco,Area Planted,Virginia Tobacco Area Planted,Lusaka Province,33,ZM-09,units,Ha,310.59,293.26,,,,,
Virginia Tobacco,Area Planted,Virginia Tobacco Area Planted,Northern Province,35,ZM-05,units,Ha,1.85,,,,,,
Virginia Tobacco,Area Planted,Virginia Tobacco Area Planted,Southern Province,37,ZM-07,units,Ha,4291.76,4453.42,2805.9,,,,
Virginia Tobacco,Area Planted,Virginia Tobacco Area Planted,Western Province,38,ZM-01,units,Ha,2741.92,483.14,997.33,,,,
Virginia Tobacco,Area Planted,Virginia Tobacco Expected Production,Zambia,,ZM,units,Mt,27145.63,24250.17,,,,,
Virginia Tobacco,Expected Production,Virginia Tobacco Expected Production,Central Province,29,ZM-02,units,Mt,13807.85,11314.04,514.44,,,,
Virginia Tobacco,Expected Production,Virginia Tobacco Expected Production,Copperbelt Province,30,ZM-08,units,Mt,0.39,,,,,,
Virginia Tobacco,Expected Production,Virginia Tobacco Expected Production,Eastern Province,31,ZM-03,units,Mt,1581.11,1472.35,1238.8,,,,
Virginia Tobacco,Expected Production,Virginia Tobacco Expected Production,Luapula Province,32,ZM-04,units,Mt,,2,,,,,
Virginia Tobacco,Expected Production,Virginia Tobacco Expected Production,Lusaka Province,33,ZM-09,units,Mt,250.2,679.89,,,,,
Virginia Tobacco,Expected Production,Virginia Tobacco Expected Production,Northern Province,35,ZM-05,units,Mt,5.34,,,,,,
Virginia Tobacco,Expected Production,Virginia Tobacco Expected Production,Southern Province,37,ZM-07,units,Mt,8329.24,10275.84,2526.36,,,,
Virginia Tobacco,Expected Production,Virginia Tobacco Expected Production,Western Province,38,ZM-01,units,Mt,3171.5,506.05,1447.7,,,,
Virginia Tobacco,Expected Production,Virginia Tobacco Yield Rate,Zambia,,ZM,units,MT/HA,1.8,2.26,1.09,,,,
Virginia Tobacco,Yield Rate,Virginia Tobacco Yield Rate,Central Province,29,ZM-02,units,MT/HA,2.07,2.71,1.4,,,,
Virginia Tobacco,Yield Rate,Virginia Tobacco Yield Rate,Copperbelt Province,30,ZM-08,units,MT/HA,6,,,,,,
Virginia Tobacco,Yield Rate,Virginia Tobacco Yield Rate,Eastern Province,31,ZM-03,units,MT/HA,1.49,1.12,1.13,,,,
Virginia Tobacco,Yield Rate,Virginia Tobacco Yield Rate,Luapula Province,32,ZM-04,units,MT/HA,,2,,,,,
Virginia Tobacco,Yield Rate,Virginia Tobacco Yield Rate,Lusaka Province,33,ZM-09,units,MT/HA,0.81,2.32,,,,,
Virginia Tobacco,Yield Rate,Virginia Tobacco Yield Rate,Northern Province,35,ZM-05,units,MT/HA,2.88,,,,,,
Virginia Tobacco,Yield Rate,Virginia Tobacco Yield Rate,Southern Province,37,ZM-07,units,MT/HA,1.94,2.31,0.9,,,,
Virginia Tobacco,Yield Rate,Virginia Tobacco Yield Rate,Western Province,38,ZM-01,units,MT/HA,1.16,1.05,1.45,,,,
Virginia Tobacco,Yield Rate,Virginia Tabacco Expected Sales,Zambia,,ZM,units,Mt,16892.35,17314.85,,,,,
Virginia Tobacco,Expected Sales,Virginia Tabacco Expected Sales,Central Province,29,ZM-02,units,Mt,10158.23,10,,,,,
Virginia Tobacco,Expected Sales,Virginia Tabacco Expected Sales,Eastern Province,31,ZM-03,units,Mt,19.5,20.67,,,,,
Virginia Tobacco,Expected Sales,Virginia Tabacco Expected Sales,Luapula Province,32,ZM-04,units,Mt,,0.48,,,,,
Virginia Tobacco,Expected Sales,Virginia Tabacco Expected Sales,Lusaka Province,33,ZM-09,units,Mt,241.57,,,,,,
Virginia Tobacco,Expected Sales,Virginia Tabacco Expected Sales,Southern Province,37,ZM-07,units,Mt,6434.35,477.57,,,,,
Virginia Tobacco,Expected Sales,Virginia Tabacco Expected Sales,Western Province,38,ZM-01,units,Mt,38.7,,,,,,
Virginia Tobacco,Expected Sales,Burley Tobacco  Area Planted,Zambia,,ZM,units,Ha,10122.17,3160.73,6891.62,,,,
Burley Tobacco,Area Planted,Burley Tobacco  Area Planted,Central Province,29,ZM-02,units,Ha,2039.1,208.93,610.89,,,,
Burley Tobacco,Area Planted,Burley Tobacco  Area Planted,Copperbelt Province,30,ZM-08,units,Ha,17.49,,0.1,,,,
Burley Tobacco,Area Planted,Burley Tobacco  Area Planted,Eastern Province,31,ZM-03,units,Ha,6887.77,2551.66,6011.53,,,,
Burley Tobacco,Area Planted,Burley Tobacco  Area Planted,Luapula Province,32,ZM-04,units,Ha,,1,,,,,
Burley Tobacco,Area Planted,Burley Tobacco  Area Planted,Lusaka Province,33,ZM-09,units,Ha,6.58,,,,,,
Burley Tobacco,Area Planted,Burley Tobacco  Area Planted,Muchinga Province,34,ZM-10,units,Ha,,69.09,189.97,,,,
Burley Tobacco,Area Planted,Burley Tobacco  Area Planted,Northern Province,35,ZM-05,units,Ha,400.95,,,,,,
Burley Tobacco,Area Planted,Burley Tobacco  Area Planted,North-Western Province,36,ZM-06,units,Ha,58.65,13.69,,,,,
Burley Tobacco,Area Planted,Burley Tobacco  Area Planted,Southern Province,37,ZM-07,units,Ha,363.31,316.35,79.14,,,,
Burley Tobacco,Area Planted,Burley Tobacco  Area Planted,Western Province,38,ZM-01,units,Ha,348.32,,,,,,
Burley Tobacco,Area Planted,Burley Tobacco  Expected Production,Zambia,,ZM,units,Mt,11140.97,,8182.75,,,,
Burley Tobacco,Expected Production,Burley Tobacco  Expected Production,Central Province,29,ZM-02,units,Mt,1752.9,180.11,577.56,,,,
Burley Tobacco,Expected Production,Burley Tobacco  Expected Production,Copperbelt Province,30,ZM-08,units,Mt,1.26,,0.15,,,,
Burley Tobacco,Expected Production,Burley Tobacco  Expected Production,Eastern Province,31,ZM-03,units,Mt,8607.54,3762.15,7401.67,,,,
Burley Tobacco,Expected Production,Burley Tobacco  Expected Production,Luapula Province,32,ZM-04,units,Mt,,0.49,,,,,
Burley Tobacco,Expected Production,Burley Tobacco  Expected Production,Lusaka Province,33,ZM-09,units,Mt,2.16,,,,,,
Burley Tobacco,Expected Production,Burley Tobacco  Expected Production,Muchinga Province,34,ZM-10,units,Mt,,81.96,186.16,,,,
Burley Tobacco,Expected Production,Burley Tobacco  Expected Production,Northern Province,35,ZM-05,units,Mt,135.72,,,,,,
Burley Tobacco,Expected Production,Burley Tobacco  Expected Production,North-Western Province,36,ZM-06,units,Mt,129.92,7.1,,,,,
Burley Tobacco,Expected Production,Burley Tobacco  Expected Production,Southern Province,37,ZM-07,units,Mt,167.46,3035.42,17.22,,,,
Burley Tobacco,Expected Production,Burley Tobacco  Expected Production,Western Province,38,ZM-01,units,Mt,344.02,,,,,,
Burley Tobacco,Expected Production,Burley Tobacco  Yield Rate,Zambia,,ZM,units,MT/HA,1.1,2.24,1.19,,,,
Burley Tobacco,Yield Rate,Burley Tobacco  Yield Rate,Central Province,29,ZM-02,units,MT/HA,0.86,0.86,0.95,,,,
Burley Tobacco,Yield Rate,Burley Tobacco  Yield Rate,Copperbelt Province,30,ZM-08,units,MT/HA,0.07,,1.5,,,,
Burley Tobacco,Yield Rate,Burley Tobacco  Yield Rate,Eastern Province,31,ZM-03,units,MT/HA,1.25,1.47,1.23,,,,
Burley Tobacco,Yield Rate,Burley Tobacco  Yield Rate,Luapula Province,32,ZM-04,units,MT/HA,,0.49,,,,,
Burley Tobacco,Yield Rate,Burley Tobacco  Yield Rate,Lusaka Province,33,ZM-09,units,MT/HA,0.33,,,,,,
Burley Tobacco,Yield Rate,Burley Tobacco  Yield Rate,Muchinga Province,34,ZM-10,units,MT/HA,,1.19,0.98,,,,
Burley Tobacco,Yield Rate,Burley Tobacco  Yield Rate,Northern Province,35,ZM-05,units,MT/HA,0.34,,,,,,
Burley Tobacco,Yield Rate,Burley Tobacco  Yield Rate,North-Western Province,36,ZM-06,units,MT/HA,2.22,0.52,,,,,
Burley Tobacco,Yield Rate,Burley Tobacco  Yield Rate,Southern Province,37,ZM-07,units,MT/HA,0.46,9.6,0.22,,,,
Burley Tobacco,Yield Rate,Burley Tobacco  Yield Rate,Western Province,38,ZM-01,units,MT/HA,0.99,,,,,,
Burley Tobacco,Yield Rate,Burley Tobacco Expected Sales,Zambia,,ZM,units,Mt,85,508.71,,,,,
Burley Tobacco,Expected Sales,Burley Tobacco Expected Sales,Central Province,29,ZM-02,units,Mt,40.39,10,,,,,
Burley Tobacco,Expected Sales,Burley Tobacco Expected Sales,Eastern Province,31,ZM-03,units,Mt,44.53,20.67,,,,,
Burley Tobacco,Expected Sales,Burley Tobacco Expected Sales,Luapula Province,32,ZM-04,units,Mt,,0.48,,,,,
Burley Tobacco,Expected Sales,Burley Tobacco Expected Sales,North-Western Province,36,ZM-06,units,Mt,0,,,,,,
Burley Tobacco,Expected Sales,Burley Tobacco Expected Sales,Southern Province,37,ZM-07,units,Mt,0,477.57,,,,,
Burley Tobacco,Expected Sales,Sweet Potato Area Planted,Zambia,,ZM,units,Ha,45335.34,42847.41,48249.18,47381.07388,39632.72553,68920.384,55025.46531
Sweet Potato,Area Planted,Sweet Potato Area Planted,Central Province,29,ZM-02,units,Ha,9967.77,8819.43,8714.18,11251.31672,6628.839553,18954.35799,14511.63673
Sweet Potato,Area Planted,Sweet Potato Area Planted,Copperbelt Province,30,ZM-08,units,Ha,4531.37,5695.06,3653.47,3556.865716,2821.855112,5674.041754,2678.537263
Sweet Potato,Area Planted,Sweet Potato Area Planted,Eastern Province,31,ZM-03,units,Ha,1687.76,1813.39,2498.73,2671.576707,1718.482737,2560.563164,5016.20028
Sweet Potato,Area Planted,Sweet Potato Area Planted,Luapula Province,32,ZM-04,units,Ha,2650.72,3594.71,3322.55,2961.947303,2946.704866,5025.206159,3472.159061
Sweet Potato,Area Planted,Sweet Potato Area Planted,Lusaka Province,33,ZM-09,units,Ha,634.73,1349.74,1189.24,1512.211725,717.500197,901.0233603,1509.657669
Sweet Potato,Area Planted,Sweet Potato Area Planted,Muchinga Province,34,ZM-10,units,Ha,,6072.51,7538.71,5311.202851,5603.135502,6264.529699,5759.320629
Sweet Potato,Area Planted,Sweet Potato Area Planted,Northern Province,35,ZM-05,units,Ha,11518.54,7008.06,7062.43,3795.684415,5963.717691,7124.257508,5415.696744
Sweet Potato,Area Planted,Sweet Potato Area Planted,North-Western Province,36,ZM-06,units,Ha,2462.28,2007.1,2293.86,2314.91122,2940.93608,3045.451029,2320.479553
Sweet Potato,Area Planted,Sweet Potato Area Planted,Southern Province,37,ZM-07,units,Ha,10933.06,5823.83,10863.99,12932.78811,9137.671466,17287.60305,12538.28187
Sweet Potato,Area Planted,Sweet Potato Area Planted,Western Province,38,ZM-01,units,Ha,949.11,663.58,1112.02,1072.56911,1153.882323,2083.350292,1803.495511
Sweet Potato,Area Planted,Sweet Potato Expected Production,Zambia,,ZM,units,Mt,146614.25,163484.45,187774.37,149354.9362,117215.3373,230248.3775,205834.0363
Sweet Potato,Expected Production,Sweet Potato Expected Production,Central Province,29,ZM-02,units,Mt,32905.88,47820.11,34503.79,42672.46015,18132.26223,74430.85192,65741.59749
Sweet Potato,Expected Production,Sweet Potato Expected Production,Copperbelt Province,30,ZM-08,units,Mt,18628.02,21287.12,17745.89,11553.17183,11631.88171,24500.13272,11234.83655
Sweet Potato,Expected Production,Sweet Potato Expected Production,Eastern Province,31,ZM-03,units,Mt,4951.5,3996.31,6363.31,7832.718637,5292.586742,11131.33082,14190.35946
Sweet Potato,Expected Production,Sweet Potato Expected Production,Luapula Province,32,ZM-04,units,Mt,10347.52,12916.75,11588.48,11321.18926,10151.18004,21170.92828,14006.80524
Sweet Potato,Expected Production,Sweet Potato Expected Production,Lusaka Province,33,ZM-09,units,Mt,2907.72,3791.9,3422.67,4689.723901,1717.45666,3089.19294,6191.064338
Sweet Potato,Expected Production,Sweet Potato Expected Production,Muchinga Province,34,ZM-10,units,Mt,,23376.4,25981.67,18112.46232,18823.382,20174.61128,20643.23529
Sweet Potato,Expected Production,Sweet Potato Expected Production,Northern Province,35,ZM-05,units,Mt,40298.37,22179.46,21524.32,11613.48791,18261.83982,19091.96513,25700.49336
Sweet Potato,Expected Production,Sweet Potato Expected Production,North-Western Province,36,ZM-06,units,Mt,9836.81,11583.16,11464.11,8200.761504,13618.9134,11271.30063,11557.26542
Sweet Potato,Expected Production,Sweet Potato Expected Production,Southern Province,37,ZM-07,units,Mt,23030.17,14247.92,50527.04,30523.59911,17014.23963,38668.32936,30040.51632
Sweet Potato,Expected Production,Sweet Potato Expected Production,Western Province,38,ZM-01,units,Mt,3708.26,2285.32,4653.11,2835.361547,2571.59508,6719.73443,6527.862793
Sweet Potato,Expected Production,Sweet Potato Yield Rate,Zambia,,ZM,units,MT/HA,3.23,3.82,3.89,3.15220665,2.957539148,3.340787792,3.740705055
Sweet Potato,Yield Rate,Sweet Potato Yield Rate,Central Province,29,ZM-02,units,MT/HA,3.3,5.42,3.96,3.792663669,2.735359949,3.926846373,4.530267585
Sweet Potato,Yield Rate,Sweet Potato Yield Rate,Copperbelt Province,30,ZM-08,units,MT/HA,4.11,3.74,4.86,3.248132698,4.12206908,4.317933104,4.194392478
Sweet Potato,Yield Rate,Sweet Potato Yield Rate,Eastern Province,31,ZM-03,units,MT/HA,2.93,2.2,2.55,2.931871136,3.0798021,4.347219774,2.828906078
Sweet Potato,Yield Rate,Sweet Potato Yield Rate,Luapula Province,32,ZM-04,units,MT/HA,3.9,3.59,3.49,3.822211574,3.444925942,4.212947213,4.03403329
Sweet Potato,Yield Rate,Sweet Potato Yield Rate,Lusaka Province,33,ZM-09,units,MT/HA,4.58,2.81,2.88,3.101234981,2.393667161,3.428538123,4.100972338
Sweet Potato,Yield Rate,Sweet Potato Yield Rate,Muchinga Province,34,ZM-10,units,MT/HA,,3.85,3.45,3.410237348,3.359437228,3.220451055,3.584317773
Sweet Potato,Yield Rate,Sweet Potato Yield Rate,Northern Province,35,ZM-05,units,MT/HA,3.5,3.17,3.05,3.05965582,3.062156991,2.679853319,4.745556219
Sweet Potato,Yield Rate,Sweet Potato Yield Rate,North-Western Province,36,ZM-06,units,MT/HA,4,5.77,5,3.542581431,4.630809044,3.701028362,4.980550425
Sweet Potato,Yield Rate,Sweet Potato Yield Rate,Southern Province,37,ZM-07,units,MT/HA,2.11,2.45,4.65,2.360171592,1.861988548,2.236766384,2.395903731
Sweet Potato,Yield Rate,Sweet Potato Yield Rate,Western Province,38,ZM-01,units,MT/HA,3.91,3.44,4.18,2.643523407,2.228645875,3.225446271,3.619561431
Sweet Potato,Yield Rate,Sweet Potato Expected Sales,Zambia,,ZM,units,Mt,70714.22,89059.03,85023.94,82748.67902,57495.42869,135881.3359,123424.2596
Sweet Potato,Expected Sales,Sweet Potato Expected Sales,Central Province,29,ZM-02,units,Mt,19530.88,32456.36,25364.1,31985.86195,8456.259022,46333.91601,39098.87572
Sweet Potato,Expected Sales,Sweet Potato Expected Sales,Copperbelt Province,30,ZM-08,units,Mt,12868.24,14277.09,12699.27,8536.470823,7243.752708,17744.13807,8740.71927
Sweet Potato,Expected Sales,Sweet Potato Expected Sales,Eastern Province,31,ZM-03,units,Mt,2314.25,1536.31,2878.44,4089.969827,2675.529474,6873.269074,9689.908052
Sweet Potato,Expected Sales,Sweet Potato Expected Sales,Luapula Province,32,ZM-04,units,Mt,4959.46,7497.59,7043.02,6679.819255,5928.850887,12943.95248,8250.255473
Sweet Potato,Expected Sales,Sweet Potato Expected Sales,Lusaka Province,33,ZM-09,units,Mt,1235.56,1911.69,1297.15,2317.330854,316.788025,1910.583965,3079.416252
Sweet Potato,Expected Sales,Sweet Potato Expected Sales,Muchinga Province,34,ZM-10,units,Mt,,8156.55,8109.8,5932.873415,7807.609934,9529.700248,12110.57753
Sweet Potato,Expected Sales,Sweet Potato Expected Sales,Northern Province,35,ZM-05,units,Mt,13981.86,10815.08,10215.98,5511.248677,9402.227164,10510.62935,17352.93765
Sweet Potato,Expected Sales,Sweet Potato Expected Sales,North-Western Province,36,ZM-06,units,Mt,4876.32,4889.94,6185.45,4819.121625,7726.40414,6200.474699,7279.984413
Sweet Potato,Expected Sales,Sweet Potato Expected Sales,Southern Province,37,ZM-07,units,Mt,9790.82,6314.92,9967.23,11081.3028,6582.429049,19330.77345,14471.67863
Sweet Potato,Expected Sales,Sweet Potato Expected Sales,Western Province,38,ZM-01,units,Mt,1156.83,1203.49,1263.51,1794.679791,1355.578291,4503.898521,3349.906615
